time,GWF_IN,RAINFALL_IN,EVAPORATION_IN,RUNOFF_IN,EXT-INFLOW_IN,EXT-OUTFLOW_IN,STORAGE_IN,GWF_OUT,RAINFALL_OUT,EVAPORATION_OUT,RUNOFF_OUT,EXT-INFLOW_OUT,EXT-OUTFLOW_OUT,STORAGE_OUT,TOTAL_IN,TOTAL_OUT,PERCENT_DIFFERENCE
1.000000000000000,.2289020979119378E-02,.000000000000000,.000000000000000,.000000000000000,10.00000000000000,.000000000000000,.000000000000000,.000000000000000,.000000000000000,.000000000000000,.000000000000000,.000000000000000,10.00228902097912,.000000000000000,10.00228902097912,10.00228902097912,.1775950320646067E-13
