,rno,node,k,i,j,iseg,ireach,rchlen,width,slope,strtop,strthick,strhc1,thts,thti,eps,uhc,outreach,outseg,asum,line_id,name,geometry
0,1,1,0,0,0,1,1,1.118034,5.0,0.03975228075236682,9.966666699640522,1,1.0,0.0,0.0,0.0,0.0,2,0,0.559017,53,main,"LINESTRING (0.0000000015133992 2.000000001665014, 1.0000000007858034 2.499999999939804)"
1,2,2,0,0,0,1,2,0.372678,5.0,0.08944261738772638,9.922222297976505,1,1.0,0.0,0.0,0.0,0.0,3,0,1.304373,53,main,"LINESTRING (1.0000000007858034 2.499999999939804, 1.0000000015716068 2.500000000332706, 1.3333333341520595 2.3333333313893014)"
2,3,3,0,0,0,1,3,0.74535596,5.0,0.0745355458815181,9.888889001171156,1,1.0,0.0,0.0,0.0,0.0,4,0,1.86339,53,main,"LINESTRING (1.3333333341520595 2.3333333313893014, 1.9999999899965075 1.9999999981607213)"
3,4,5,0,0,0,1,4,1.118034,5.0,0.001,9.833333487540212,1,1.0,0.0,0.0,0.0,0.0,0,0,2.795085,53,main,"LINESTRING (2.0000000088393395 1.9999999981607213, 3.0000000002328306 2.4999999986022363)"
